edit_id,product_id,editor_user_id,edit_timestamp,changes_made
1,1,2,2025-03-01 09:00:00,Added new product with ID 1
2,2,6,2025-03-01 09:03:00,Added new product with ID 2
3,3,11,2025-03-01 09:06:00,Added new product with ID 3
4,4,15,2025-03-01 09:09:00,Added new product with ID 4
5,5,19,2025-03-01 09:12:00,Added new product with ID 5
6,6,2,2025-03-01 09:15:00,Added new product with ID 6
7,7,6,2025-03-01 09:18:00,Added new product with ID 7
8,8,11,2025-03-01 09:21:00,Added new product with ID 8
9,9,15,2025-03-01 09:24:00,Added new product with ID 9
10,10,19,2025-03-01 09:27:00,Added new product with ID 10
11,11,2,2025-03-01 09:30:00,Added new product with ID 11
12,12,6,2025-03-01 09:33:00,Added new product with ID 12
13,13,11,2025-03-01 09:36:00,Added new product with ID 13
14,14,15,2025-03-01 09:39:00,Added new product with ID 14
15,15,19,2025-03-01 09:42:00,Added new product with ID 15
16,16,2,2025-03-01 09:45:00,Added new product with ID 16
17,17,6,2025-03-01 09:48:00,Added new product with ID 17
18,18,11,2025-03-01 09:51:00,Added new product with ID 18
19,19,15,2025-03-01 09:54:00,Added new product with ID 19
20,20,19,2025-03-01 09:57:00,Added new product with ID 20
21,21,2,2025-03-01 10:00:00,Added new product with ID 21
22,22,6,2025-03-01 10:03:00,Added new product with ID 22
23,23,11,2025-03-01 10:06:00,Added new product with ID 23
24,24,15,2025-03-01 10:09:00,Added new product with ID 24
25,25,19,2025-03-01 10:12:00,Added new product with ID 25
26,26,2,2025-03-01 10:15:00,Added new product with ID 26
27,27,6,2025-03-01 10:18:00,Added new product with ID 27
28,28,11,2025-03-01 10:21:00,Added new product with ID 28
29,29,15,2025-03-01 10:24:00,Added new product with ID 29
30,30,19,2025-03-01 10:27:00,Added new product with ID 30
31,31,2,2025-03-01 10:30:00,Added new product with ID 31
32,32,6,2025-03-01 10:33:00,Added new product with ID 32
33,33,11,2025-03-01 10:36:00,Added new product with ID 33
34,34,15,2025-03-01 10:39:00,Added new product with ID 34
35,35,19,2025-03-01 10:42:00,Added new product with ID 35
36,36,2,2025-03-01 10:45:00,Added new product with ID 36
37,37,6,2025-03-01 10:48:00,Added new product with ID 37
38,38,11,2025-03-01 10:51:00,Added new product with ID 38
39,39,15,2025-03-01 10:54:00,Added new product with ID 39
40,40,19,2025-03-01 10:57:00,Added new product with ID 40
41,41,2,2025-03-01 11:00:00,Added new product with ID 41
42,42,6,2025-03-01 11:03:00,Added new product with ID 42
43,43,11,2025-03-01 11:06:00,Added new product with ID 43
44,44,15,2025-03-01 11:09:00,Added new product with ID 44
45,45,19,2025-03-01 11:12:00,Added new product with ID 45
46,46,2,2025-03-01 11:15:00,Added new product with ID 46
47,47,6,2025-03-01 11:18:00,Added new product with ID 47
48,48,11,2025-03-01 11:21:00,Added new product with ID 48
49,49,15,2025-03-01 11:24:00,Added new product with ID 49
50,50,19,2025-03-01 11:27:00,Added new product with ID 50
